id,content,options,answer,chapter,topic,skills,level,source,explaine,suggest
Mã câu hỏi,Nội dung câu hỏi,Lựa chọn,Trả lời,Chương,Bài,Kỹ năng,Độ khó,Trang sách,Giải thích,Gợi ý học tập
PHY8_001,Khối lượng riêng của một chất là gì?,A. Khối lượng của một vật; B. Khối lượng của một đơn vị thể tích chất đó; C. Thể tích của một đơn vị khối lượng; D. Trọng lượng trên một đơn vị diện tích,B,Chương 3,Bài 13: Khối lượng riêng,Khối lượng riêng,Nhận biết,SGK-Tr56,Định nghĩa cơ bản: Khối lượng riêng cho biết khối lượng của 1m3 (hoặc 1cm3) chất đó.,Đọc kỹ khái niệm tại mục I Bài 13 SGK. Tránh nhầm với trọng lượng riêng.
PHY8_002,Đơn vị đo khối lượng riêng thường dùng là?,A. kg/m2; B. kg/m3; C. N/m3; D. m3/kg,B,Chương 3,Bài 13: Khối lượng riêng,Khối lượng riêng,Nhận biết,SGK-Tr56,"Trong hệ SI, khối lượng đo bằng kg, thể tích bằng m3, nên đơn vị là kg/m3.",Ghi nhớ bảng đơn vị đo lường cơ bản tại trang 56 SGK.
PHY8_003,Công thức tính khối lượng riêng là?,A. D=m/V; B. D=V/m; C. D=m.V; D. D=P/V,A,Chương 3,Bài 13: Khối lượng riêng,Khối lượng riêng,Nhận biết,SGK-Tr56,"D là khối lượng riêng, m là khối lượng, V là thể tích.","Vẽ ""Tam giác công thức"" (m ở đỉnh, D và V ở đáy) để dễ ghi nhớ các biến thể."
PHY8_004,"Muốn đo khối lượng riêng của các hòn bi thủy tinh, ta cần dùng dụng cụ nào?",A. Cân và thước dây; B. Cân và bình chia độ; C. Lực kế và thước; D. Bình chia độ,B,Chương 3,Bài 14: Thực hành KLR,Khối lượng riêng,Thông hiểu,SGK-Tr59,"Cân để đo khối lượng (m), bình chia độ để đo thể tích (V).",Xem lại các bước thực hành tại Bài 14. Nhớ cách đo thể tích vật rắn bằng bình tràn.
PHY8_005,"Một khối kim loại có m=540g, V=200cm3. Khối lượng riêng là?","A. 2,7g/cm3; B. 0,37g/cm3; C. 27g/cm3; D. 270g/cm3",A,Chương 3,Bài 13: Khối lượng riêng,Khối lượng riêng,Vận dụng,SBT-Tr41,"Áp dụng D=m/V=540/200=2,7(g/cm3).","Chú ý đơn vị của đáp án. Nếu đáp án là kg/m3, bạn cần nhân thêm 1000."
PHY8_006,"Khi tăng nhiệt độ một thanh sắt, khối lượng riêng của nó sẽ?",A. Tăng; B. Giảm; C. Không đổi; D. Lúc tăng lúc giảm,B,Chương 3,Bài 13: Khối lượng riêng,Khối lượng riêng,Thông hiểu,SBT-Tr41,"Khi nóng lên, V tăng nhưng m không đổi, nên D=m/V sẽ giảm.",Học về sự nở vì nhiệt của chất rắn. Nhớ rằng khối lượng không bao giờ thay đổi khi nóng lên.
PHY8_007,Áp lực là gì?,A. Lực ép có phương bất kì; B. Lực ép có phương vuông góc với mặt bị ép; C. Lực hút của Trái Đất; D. Lực kéo của động cơ,B,Chương 3,Bài 15: Áp suất bề mặt,Áp lực & Áp suất,Nhận biết,SGK-Tr64,"Theo định nghĩa, áp lực phải có phương vuông góc với bề mặt bị ép.","Phân biệt lực kéo, lực đẩy thông thường với áp lực (phải có bề mặt bị ép)."
PHY8_008,Công thức tính áp suất là?,A. p=F.S; B. p=F/S; C. p=S/F; D. p=P/V,B,Chương 3,Bài 15: Áp suất bề mặt,Áp lực & Áp suất,Nhận biết,SGK-Tr65,Áp suất bằng áp lực chia cho diện tích bị ép.,Đừng nhầm lẫn với công thức khối lượng riêng D=m/V.
PHY8_009,1 Pascal (Pa) bằng?,A. 1N/m2; B. 1N/cm2; C. 1kg/m2; D. 1N.m2,A,Chương 3,Bài 15: Áp suất bề mặt,Áp lực & Áp suất,Nhận biết,SGK-Tr66,Đơn vị chuẩn của áp suất: 1Pa=1N/m2.,"Nhớ đơn vị S luôn là m2. Nếu đề cho cm2, phải đổi đơn vị trước khi tính."
PHY8_010,"Để tăng áp suất, ta có thể?","A. Giảm áp lực, giữ nguyên diện tích; B. Tăng diện tích, giữ nguyên áp lực; C. Tăng áp lực và giảm diện tích bị ép; D. Giảm áp lực và tăng diện tích",C,Chương 3,Bài 15: Áp suất bề mặt,Áp lực & Áp suất,Thông hiểu,SGK-Tr66,"Dựa vào p=F/S, p tăng khi F tăng hoặc S giảm.",Suy luận từ biểu thức toán học: p tỉ lệ thuận với F và tỉ lệ nghịch với S.
PHY8_011,Tại sao lưỡi dao càng mỏng thì dao càng sắc?,"A. Để tăng áp lực; B. Để giảm diện tích bị ép, tăng áp suất; C. Để tăng diện tích bị ép; D. Để dao đẹp hơn",B,Chương 3,Bài 15: Áp suất bề mặt,Áp lực & Áp suất,Thông hiểu,SBT-Tr44,"Diện tích tiếp xúc S nhỏ làm áp suất p lớn, giúp dao cắt dễ hơn.","Liên hệ thực tế với các vật nhọn: đinh, kim, mũi khoan đều có đầu rất nhỏ."
PHY8_012,Áp suất chất lỏng tác dụng lên?,"A. Đáy bình; B. Thành bình; C. Các vật trong lòng chất lỏng; D. Cả A, B, C đều đúng",D,Chương 3,Bài 16: Áp suất chất lỏng,Áp lực & Áp suất,Nhận biết,SGK-Tr67,"Chất lỏng gây áp suất theo mọi hướng lên đáy, thành và các vật bên trong.",Xem thí nghiệm dùng màng cao su tại Bài 16 để thấy áp suất tác dụng đa chiều.
PHY8_013,Tại sao các thợ lặn sâu phải mặc bộ đồ lặn chịu áp suất cao?,A. Do nước biển lạnh; B. Do áp suất chất lỏng rất lớn ở độ sâu; C. Để lặn nhanh hơn; D. Để tránh cá mập,B,Chương 3,Bài 16: Áp suất chất lỏng,Áp lực & Áp suất,Thông hiểu,SGK-Tr69,"Áp suất chất lỏng tỉ lệ với độ sâu (p=d.h), lặn càng sâu áp suất càng mạnh.",Nhớ công thức p=d.h. Càng sâu thì h càng lớn nên p càng lớn.
PHY8_014,"Trong bình thông nhau chứa cùng một chất lỏng đứng yên, mực chất lỏng ở các nhánh sẽ?",A. Nhánh to cao hơn; B. Nhánh nhỏ cao hơn; C. Ở cùng một độ cao; D. Tùy vào hình dạng nhánh,C,Chương 3,Bài 16: Áp suất chất lỏng,Áp lực & Áp suất,Nhận biết,SGK-Tr70,Nguyên lý bình thông nhau: mực chất lỏng luôn bằng nhau ở mọi nhánh.,Quan sát ấm trà hoặc ống tiều đo mực nước trong xây dựng để thấy ứng dụng này.
PHY8_015,Hiện tượng nào sau đây do áp suất khí quyển gây ra?,A. Quả bóng nảy lên; B. Hút sữa bằng ống hút; C. Vật rơi từ trên cao; D. Nước chảy về chỗ trũng,B,Chương 3,Bài 16: Áp suất khí quyển,Áp lực & Áp suất,Thông hiểu,SGK-Tr71,"Khi hút, áp suất trong ống giảm, áp suất khí quyển bên ngoài đẩy sữa lên.","Đọc mục ""Sự tồn tại của áp suất khí quyển"" tại Bài 17 SGK."
PHY8_016,Càng lên cao áp suất khí quyển sẽ?,A. Tăng; B. Giảm; C. Không đổi; D. Tăng rồi giảm,B,Chương 3,Bài 16: Áp suất khí quyển,Áp lực & Áp suất,Nhận biết,SGK-Tr72,Không khí càng lên cao càng loãng nên áp suất giảm dần.,"Ghi nhớ: Càng lên cao không khí càng loãng, áp suất càng giảm."
PHY8_017,Lực đẩy Archimedes tác dụng lên vật nhúng trong chất lỏng có chiều?,A. Từ trên xuống; B. Từ dưới lên trên; C. Theo mọi hướng; D. Nằm ngang,B,Chương 3,Bài 17: Lực đẩy Archimedes,Lực đẩy Archimedes,Nhận biết,SGK-Tr73,Lực đẩy này luôn hướng thẳng đứng từ dưới lên trên.,Luôn vẽ mũi tên hướng lên khi biểu diễn lực FA​ trên sơ đồ vật thể.
PHY8_018,Công thức tính lực đẩy Archimedes là?,A. FA​=d.V; B. FA​=D.V; C. FA​=p.S; D. FA​=m.g,A,Chương 3,Bài 17: Lực đẩy Archimedes,Lực đẩy Archimedes,Nhận biết,SGK-Tr74,"d là trọng lượng riêng chất lỏng, V là thể tích phần vật chìm.",Tránh nhầm d là trọng lượng riêng của vật. Nó là của chất lỏng nhúng vào.
PHY8_019,Một vật nổi lên mặt chất lỏng khi nào?,A. FA​<P; B. FA​>P; C. FA​=P; D. dvật​>dlỏng​,B,Chương 3,Bài 17: Lực đẩy Archimedes,Lực đẩy Archimedes,Thông hiểu,SGK-Tr75,"Khi lực đẩy Archimedes lớn hơn trọng lượng vật, vật sẽ chuyển động lên trên.",So sánh FA​ và P hoặc so sánh dlỏng​ và dvật​ để biết trạng thái của vật.
PHY8_020,Đại lượng V trong công thức FA​=d.V là?,A. Thể tích toàn bộ vật; B. Thể tích chất lỏng; C. Thể tích phần vật chìm trong chất lỏng; D. Thể tích bình chứa,C,Chương 3,Bài 17: Lực đẩy Archimedes,Lực đẩy Archimedes,Thông hiểu,SGK-Tr74,Chỉ phần thể tích vật chiếm chỗ trong chất lỏng mới tạo ra lực đẩy.,"Nếu vật chỉ chìm 1/2, AI nhắc bạn chỉ dùng V/2 để tính lực đẩy."
PHY8_021,Tại sao tàu hỏa phải chạy trên các thanh ray đặt trên các thanh tà vẹt?,"A. Để giảm ma sát; B. Để tăng diện tích tiếp xúc, giảm áp suất lên đất; C. Để tàu chạy thẳng; D. Để tăng áp lực",B,Chương 3,Bài 15: Áp suất bề mặt,Áp lực & Áp suất,Vận dụng,SBT-Tr44,"Thanh tà vẹt giúp phân tán áp lực lên diện tích rộng, tránh làm lún đường ray.","Xem lại bài ""Cách làm tăng, giảm áp suất"" tại Bài 15."
PHY8_022,Một thỏi sắt nhúng vào nước và nhúng vào dầu. Ở đâu lực đẩy Archimedes lớn hơn? (dn​>dd​),A. Trong dầu; B. Trong nước; C. Bằng nhau; D. Không xác định được,B,Chương 3,Bài 17: Lực đẩy Archimedes,Lực đẩy Archimedes,Thông hiểu,SBT-Tr48,FA​=d.V. Vì dnước​>dda^ˋu​ nên lực đẩy trong nước lớn hơn.,Ghi nhớ bảng trọng lượng riêng của một số chất lỏng phổ biến tại trang 74.
PHY8_023,"Tính áp suất của một người nặng 50kg đứng trên sàn nhà, diện tích 2 bàn chân là 200cm2 (lấy g=10)?",A. 25000 Pa; B. 2500 Pa; C. 250 Pa; D. 5000 Pa,A,Chương 3,Bài 15: Áp suất bề mặt,Áp lực & Áp suất,Vận dụng,Tự biên,"F=500N;S=0,02m2⇒p=500/0,02=25000Pa.",Lỗi hay gặp: Quên đổi cm2 sang m2 (1m2=10000cm2).
PHY8_024,"Khi nhúng vật sâu hơn vào trong chất lỏng, lực đẩy Archimedes sẽ?",A. Tăng lên; B. Giảm đi; C. Không đổi; D. Tùy trọng lượng vật,C,Chương 3,Bài 17: Lực đẩy Archimedes,Lực đẩy Archimedes,Thông hiểu,SBT-Tr49,"Khi đã chìm hoàn toàn, Vchıˋm​ không đổi nên FA​ không đổi.","Phân biệt: Áp suất p tăng theo độ sâu, nhưng lực đẩy FA​ không đổi."
PHY8_025,Tỉ số khối lượng của một vật và thể tích của nó gọi là?,A. Trọng lượng riêng; B. Khối lượng riêng; C. Áp suất; D. Lực đẩy,B,Chương 3,Bài 13: Khối lượng riêng,Khối lượng riêng,Nhận biết,SGK-Tr56,Đây là định nghĩa toán học của khối lượng riêng (m/V).,Ôn lại định nghĩa bài 13.
PHY8_026,Đơn vị của áp lực là?,A. Pascal (Pa); B. Newton (N); C. N/m2; D. Kilogam (kg),B,Chương 3,Bài 15: Áp suất bề mặt,Áp lực & Áp suất,Nhận biết,SGK-Tr64,"Áp lực là một loại lực, nên đơn vị là Newton.",Đừng nhầm đơn vị của áp lực (N) với áp suất (Pa).
PHY8_027,"Tại sao khi xây nhà cao tầng, người ta phải làm móng bè hoặc móng cọc rất rộng?",A. Để tăng áp suất; B. Để giảm diện tích; C. Để giảm áp suất tác dụng lên nền đất; D. Để tốn ít vật liệu,C,Chương 3,Bài 15: Áp suất bề mặt,Áp lực & Áp suất,Vận dụng,SBT-Tr45,"Tăng diện tích đáy móng để giảm áp suất, tránh gây lún nứt công trình.",Liên hệ thực tế xây dựng để hiểu mục đích của việc phân tán lực.
PHY8_028,"Một quả cầu sắt có thể tích 0,001m3 nhúng trong nước. Lực đẩy Archimedes là bao nhiêu? (dn​=10000N/m3)",A. 10 N; B. 100 N; C. 1 N; D. 1000 N,A,Chương 3,Bài 17: Lực đẩy Archimedes,Lực đẩy Archimedes,Vận dụng,SBT-Tr49,"FA​=10000×0,001=10N.",Kiểm tra kỹ số chữ số 0 sau dấu phẩy khi thực hiện phép tính.
PHY8_029,Áp suất khí quyển tại mặt nước biển khoảng?,A. 101300 Pa; B. 760 Pa; C. 1000 Pa; D. 10000 Pa,A,Chương 3,Bài 16: Áp suất khí quyển,Áp lực & Áp suất,Nhận biết,SGK-Tr72,Giá trị trung bình của áp suất khí quyển ở mực nước biển.,Ghi nhớ con số này để làm các bài toán so sánh thực tế.
PHY8_030,Tại sao quả bóng bay bơm khí hydrogen lại bay lên được?,A. Do khí hydrogen nhẹ hơn không khí; B. Do lực đẩy Archimedes của không khí lớn hơn trọng lượng quả bóng; C. Do gió thổi; D. Cả A và B,D,Chương 3,Bài 17: Lực đẩy Archimedes,Lực đẩy Archimedes,Vận dụng cao,Tự biên,"Khí nhẹ tạo ra P nhỏ, trong khi FA​ của không khí lớn giúp bóng nổi lên.",Xem lại điều kiện vật nổi trong môi trường chất khí (tương tự chất lỏng).
PHY8_031,"Khi lặn xuống sâu, ta thấy tai bị đau. Điều này do?",A. Áp suất chất lỏng tác dụng lên màng nhĩ; B. Nước vào tai; C. Do nhiệt độ thấp; D. Do áp suất khí quyển,A,Chương 3,Bài 16: Áp suất chất lỏng,Áp lực & Áp suất,Thông hiểu,SGK-Tr69,Nước tác dụng áp suất lớn lên màng nhĩ khi ở sâu.,Liên hệ thực tế khi đi máy bay hoặc lặn biển để hiểu về áp suất.
PHY8_032,Công thức tính áp suất chất lỏng là?,A. p=d.h; B. p=D.h; C. p=m.g; D. p=F/S,A,Chương 3,Bài 16: Áp suất chất lỏng,Áp lực & Áp suất,Nhận biết,SGK-Tr68,"d là trọng lượng riêng, h là độ sâu tính từ mặt thoáng.",Cần phân biệt h (độ sâu) với chiều cao của vật.
PHY8_033,"Một vật có khối lượng riêng 800kg/m3, thả vào nước (1000kg/m3). Vật sẽ?",A. Chìm hoàn toàn; B. Lơ lửng; C. Nổi một phần; D. Chìm xuống đáy,C,Chương 3,Bài 17: Lực đẩy Archimedes,Lực đẩy Archimedes,Vận dụng,SBT-Tr50,Vì Dvật​<Dnước​ nên vật sẽ nổi trên mặt nước.,Chỉ cần so sánh KLR của vật và chất lỏng để dự đoán trạng thái chìm/nổi.
PHY8_034,"Để đo thể tích vật rắn không thấm nước và có hình dạng bất kì, ta dùng?",A. Thước dây; B. Bình chia độ; C. Bình tràn; D. B hoặc C đều được,D,Chương 3,Bài 14: Thực hành KLR,Khối lượng riêng,Nhận biết,SGK-Tr59,"Bình chia độ dùng cho vật nhỏ, bình tràn dùng khi vật lớn hơn bình chia độ.",Tùy kích thước vật mà chọn dụng cụ phù hợp (vật lớn dùng bình tràn).
PHY8_035,"Khi uống sữa bằng ống hút, ta hút không khí trong ống ra để?","A. Áp suất trong ống giảm, áp suất khí quyển đẩy sữa lên; B. Sữa tự chảy vào; C. Sữa đặc hơn; D. Để tập thở",A,Chương 3,Bài 16: Áp suất khí quyển,Áp lực & Áp suất,Vận dụng,SGK-Tr71,Tạo sự chênh lệch áp suất để khí quyển làm việc đẩy sữa vào miệng.,"Thử giải thích hiện tượng này theo cơ chế ""chênh lệch áp suất""."
PHY8_036,Tại sao bình chứa chất lỏng có đáy càng sâu thì thành bình ở gần đáy phải làm càng dày?,A. Để chịu được áp suất chất lỏng lớn; B. Để chứa được nhiều nước hơn; C. Để giữ nhiệt tốt hơn; D. Để bình đẹp hơn,A,Chương 3,Bài 16: Áp suất chất lỏng,Áp lực & Áp suất,Thông hiểu,SBT-Tr46,"Áp suất chất lỏng tăng theo độ sâu (p=d.h), nên đáy bình chịu lực ép lớn nhất.",Ghi nhớ: Càng xuống sâu áp suất càng lớn. Liên hệ với thiết kế của các đập thủy điện.
PHY8_037,Đơn vị của lực đẩy Archimedes là?,A. Pascal (Pa); B. Newton (N); C. kg/m3; D. Joule (J),B,Chương 3,Bài 17: Lực đẩy Archimedes,Lực đẩy Archimedes,Nhận biết,SGK-Tr73,"Lực đẩy Archimedes là một loại lực, nên đơn vị đo luôn là Newton (N).",Phân biệt đơn vị Lực (N) với đơn vị Áp suất (Pa) và Khối lượng riêng (kg/m3).
PHY8_038,Một vật chìm xuống đáy chất lỏng khi?,A. dvật​>dlỏng​; B. dvật​<dlỏng​; C. dvật​=dlỏng​; D. FA​>P,A,Chương 3,Bài 17: Lực đẩy Archimedes,Lực đẩy Archimedes,Nhận biết,SGK-Tr75,Vật chìm khi trọng lượng riêng của vật lớn hơn trọng lượng riêng của chất lỏng.,Học thuộc điều kiện chìm/nổi/lơ lửng tại Bài 18 SGK trang 81.
PHY8_039,Hiện tượng nào sau đây không liên quan đến áp suất khí quyển?,A. Hút nước từ cốc; B. Bình xịt sơn hoạt động; C. Nước chảy từ trên cao xuống; D. Cốc bám chặt vào miếng cao su khi hút hết khí,C,Chương 3,Bài 16: Áp suất khí quyển,Áp lực & Áp suất,Thông hiểu,SBT-Tr48,"Nước chảy từ cao xuống thấp là do tác dụng của trọng lực, không phải áp suất khí quyển.","Ôn lại các ví dụ về áp suất khí quyển: ống hút, bình xịt, nắp ấm trà."
PHY8_040,"Khi một con tàu đi từ biển vào sông, lực đẩy Archimedes tác dụng lên tàu sẽ?",A. Tăng lên; B. Giảm đi; C. Không đổi; D. Tùy thuộc vào tốc độ tàu,C,Chương 3,Bài 17: Lực đẩy Archimedes,Lực đẩy Archimedes,Vận dụng cao,Tự biên,Vì tàu vẫn nổi nên FA​=P. Trọng lượng tàu không đổi nên FA​ không đổi (nhưng tàu sẽ chìm sâu hơn).,Hiểu sâu mối quan hệ giữa FA​ và P khi vật nổi. Đừng nhầm lẫn giữa lực đẩy và độ chìm.
PHY8_041,Có thể làm nhiễm điện thanh nhựa bằng cách nào?,A. Nhúng vào nước nóng; B. Cọ xát bằng vải khô; C. Phơi nắng; D. Đặt cạnh nam châm,B,Chương 4,Bài 20: Hiện tượng nhiễm điện,Hiện tượng nhiễm điện,Nhận biết,SGK-Tr85,Cọ xát là cách đơn giản nhất để làm các điện tích di chuyển từ vật này sang vật khác.,"Thực hành thử với thước nhựa và vụn giấy. Nhớ từ khóa ""Cọ xát""."
PHY8_042,Hai vật nhiễm điện cùng loại thì?,A. Hút nhau; B. Đẩy nhau; C. Không tương tác; D. Vừa hút vừa đẩy,B,Chương 4,Bài 20: Hiện tượng nhiễm điện,Hiện tượng nhiễm điện,Nhận biết,SGK-Tr86,"Theo quy luật tương tác: Cùng loại thì đẩy, khác loại thì hút.",Ghi nhớ quy tắc: (+) và (+) đẩy nhau; (+) và (-) hút nhau.
PHY8_043,Vật nhiễm điện âm khi?,A. Nhận thêm electron; B. Mất bớt electron; C. Nhận thêm proton; D. Mất bớt neutron,A,Chương 4,Bài 20: Hiện tượng nhiễm điện,Hiện tượng nhiễm điện,Thông hiểu,SGK-Tr87,Electron mang điện âm. Khi vật nhận thêm electron thì vật sẽ dư điện âm.,"Nhớ rằng chỉ có electron dịch chuyển, proton (điện dương) luôn đứng yên trong hạt nhân."
PHY8_044,"Trong các vật sau, vật nào là vật cách điện?",A. Đoạn dây đồng; B. Thanh thủy tinh; C. Nước muối; D. Ruột bút chì,B,Chương 4,Bài 21: Dòng điện - Nguồn điện,Dòng điện & Nguồn điện,Nhận biết,SBT-Tr58,"Thủy tinh không cho dòng điện chạy qua, gọi là vật cách điện.","Phân biệt vật dẫn điện (kim loại, nước muối) và vật cách điện (nhựa, cao su, thủy tinh)."
PHY8_045,Dòng điện là gì?,A. Là dòng các điện tích dịch chuyển tự do; B. Là dòng các điện tích dịch chuyển có hướng; C. Là sự đứng yên của điện tích; D. Là dòng các nguyên tử dịch chuyển,B,Chương 4,Bài 21: Dòng điện - Nguồn điện,Dòng điện & Nguồn điện,Nhận biết,SGK-Tr88,Dòng điện phải là sự dịch chuyển có hướng của các hạt mang điện.,"Chú ý từ khóa ""có hướng"". Chuyển động hỗn loạn không tạo ra dòng điện."
PHY8_046,Thiết bị nào sau đây có khả năng cung cấp dòng điện lâu dài?,A. Pin; B. Công tắc; C. Dây dẫn; D. Bóng đèn,A,Chương 4,Bài 21: Dòng điện - Nguồn điện,Dòng điện & Nguồn điện,Nhận biết,SGK-Tr89,Pin (hoặc acquy) biến đổi hóa năng thành điện năng để duy trì dòng điện.,"Nhận diện các nguồn điện trong gia đình: pin con thỏ, pin điện thoại, ổ cắm điện."
PHY8_047,"Tại sao vào mùa đông, khi cởi áo len thường nghe thấy tiếng lách tách nhỏ?",A. Do áo len bị rách; B. Do hiện tượng nhiễm điện do cọ xát; C. Do áo len quá nóng; D. Do không khí ẩm,B,Chương 4,Bài 20: Hiện tượng nhiễm điện,Hiện tượng nhiễm điện,Thông hiểu,SBT-Tr56,Do sự cọ xát giữa áo và cơ thể làm xuất hiện các tia lửa điện cực nhỏ (nhiễm điện).,Đây là hiện tượng nhiễm điện do cọ xát phổ biến nhất vào mùa hanh khô.
PHY8_048,Chiều dòng điện quy ước là chiều dịch chuyển của các?,A. Electron từ cực âm sang cực dương; B. Điện tích dương từ cực dương sang cực âm; C. Nguyên tử trong dây dẫn; D. Các hạt neutron,B,Chương 4,Bài 21: Dòng điện - Nguồn điện,Dòng điện & Nguồn điện,Nhận biết,SGK-Tr90,Quy ước quốc tế: Chiều dòng điện từ cực Dương qua dây dẫn tới cực Âm.,Luôn vẽ mũi tên chiều dòng điện rời khỏi cực dương (+) của nguồn điện.
PHY8_049,Ký hiệu nào sau đây biểu diễn nguồn điện (pin) trong sơ đồ mạch điện?,A. Hai vạch song song dài bằng nhau; B. Một vạch dài và một vạch ngắn song song; C. Hình tròn có dấu X; D. Hình chữ nhật,B,Chương 4,Bài 21: Dòng điện - Nguồn điện,Dòng điện & Nguồn điện,Nhận biết,SGK-Tr91,"Vạch dài đại diện cực (+), vạch ngắn đại diện cực (-).",Vẽ lại các ký hiệu mạch điện cơ bản tại Bài 21 SGK trang 91.
PHY8_050,"Trong các vật sau, vật nào là nguồn điện?",A. Cái quạt điện; B. Chiếc pin điện thoại; C. Bóng đèn LED; D. Dây điện,B,Chương 4,Bài 21: Dòng điện - Nguồn điện,Dòng điện & Nguồn điện,Nhận biết,SBT-Tr58,Pin điện thoại dự trữ năng lượng để cung cấp cho thiết bị hoạt động.,"Phân biệt ""nguồn điện"" (pin) và ""vật tiêu thụ điện"" (đèn, quạt)."
PHY8_051,Electron tự do có nhiều trong loại vật chất nào?,A. Chất dẻo; B. Kim loại; C. Thủy tinh; D. Cao su,B,Chương 4,Bài 21: Dòng điện - Nguồn điện,Dòng điện & Nguồn điện,Nhận biết,SGK-Tr89,Kim loại có cấu trúc đặc biệt cho phép nhiều electron di chuyển tự do.,Tại sao dây điện làm bằng đồng? Vì đồng là kim loại có rất nhiều electron tự do.
PHY8_052,"Khi cho thanh nhựa cọ xát vào mảnh vải khô, thanh nhựa nhiễm điện âm thì mảnh vải?",A. Nhiễm điện âm; B. Nhiễm điện dương; C. Không nhiễm điện; D. Mất hết điện tích,B,Chương 4,Bài 20: Hiện tượng nhiễm điện,Hiện tượng nhiễm điện,Thông hiểu,SBT-Tr57,"Do electron từ vải chuyển sang nhựa, vải mất electron nên nhiễm điện dương.",Áp dụng định luật bảo toàn điện tích: Tổng điện tích ban đầu bằng 0.
PHY8_053,Một mạch điện cơ bản gồm có?,"A. Nguồn điện, dây dẫn, công tắc; B. Nguồn điện, vật tiêu thụ điện, dây dẫn, công tắc; C. Chỉ cần nguồn điện; D. Chỉ cần bóng đèn",B,Chương 4,Bài 21: Dòng điện - Nguồn điện,Dòng điện & Nguồn điện,Nhận biết,SGK-Tr90,"Phải có nguồn, dây dẫn, công tắc và thiết bị tiêu thụ (như đèn) mới có ý nghĩa.",Tập lắp ráp mạch điện ảo trên các phần mô phỏng để nhớ các thành phần.
PHY8_054,"Khi thổi bụi trên mặt bàn, bụi bay đi. Nhưng khi dùng khăn khô lau màn hình TV, bụi lại bám chặt vào. Tại sao?",A. Khăn bị ẩm; B. Màn hình TV bị nhiễm điện do cọ xát nên hút bụi; C. Do lực hút trái đất; D. Do bụi sợ khăn,B,Chương 4,Bài 20: Hiện tượng nhiễm điện,Hiện tượng nhiễm điện,Vận dụng,Tự biên,"Khăn cọ xát làm màn hình nhiễm điện, dẫn đến lực hút các hạt bụi nhỏ.",Gợi ý: Dùng khăn ẩm để lau sẽ khử tĩnh điện và giảm bám bụi.
PHY8_055,Năng lượng nhiệt của một vật là?,A. Tổng động năng của các phân tử cấu tạo nên vật; B. Thế năng của vật; C. Tốc độ di chuyển của vật; D. Trọng lượng của vật,A,Chương 6,Bài 26: Năng lượng nhiệt,Nhiệt năng & Nội năng,Nhận biết,SGK-Tr112,Định nghĩa: Nhiệt năng là tổng động năng của các phân tử tạo nên vật.,Đọc kỹ mục I Bài 26 SGK. Động năng tỉ lệ thuận với tốc độ phân tử.
PHY8_056,"Khi tăng nhiệt độ của một miếng đồng, nội năng của nó sẽ?",A. Tăng; B. Giảm; C. Không đổi; D. Ban đầu giảm sau tăng,A,Chương 6,Bài 26: Năng lượng nhiệt,Nhiệt năng & Nội năng,Thông hiểu,SGK-Tr113,Nhiệt độ tăng -> Phân tử chuyển động nhanh -> Động năng tăng -> Nội năng tăng.,Nhớ mối liên hệ: Nhiệt độ tỉ lệ thuận với nội năng của vật.
PHY8_057,Có những cách nào để làm thay đổi nội năng của một vật?,A. Thực hiện công (cọ xát); B. Truyền nhiệt; C. Thực hiện công (cọ xát) và Truyền nhiệt; D. Truyền điện,C,Chương 6,Bài 26: Năng lượng nhiệt,Nhiệt năng & Nội năng,Nhận biết,SGK-Tr113,Hai cách chính là: Thực hiện công (cọ xát) và Truyền nhiệt (đun nóng).,Ghi nhớ hai ví dụ kinh điển: Xoa tay (thực hiện công) và Thả vào nước nóng (truyền nhiệt).
PHY8_058,Nhiệt lượng là gì?,A. Là năng lượng vật có được do chuyển động; B. Là phần nội năng vật nhận thêm hay mất đi trong quá trình truyền nhiệt; C. Là nhiệt độ của vật; D. Là một loại chất lỏng nhiệt,B,Chương 6,Bài 26: Năng lượng nhiệt,Nhiệt năng & Nội năng,Nhận biết,SGK-Tr113,Nhiệt lượng là số đo phần năng lượng được chuyển giao trong quá trình truyền nhiệt.,"Phân biệt ""Nhiệt lượng"" (năng lượng chuyển dời) và ""Nhiệt độ"" (mức độ nóng lạnh)."
PHY8_059,Hình thức dẫn nhiệt chủ yếu xảy ra trong môi trường nào?,A. Chất khí; B. Chân không; C. Chất rắn; D. Chất lỏng,C,Chương 6,Bài 27: Truyền nhiệt,Các hình thức truyền nhiệt,Nhận biết,SGK-Tr116,"Chất rắn có mật độ phân tử cao, dễ dàng truyền dao động nhiệt cho nhau.",So sánh khả năng dẫn nhiệt: Rắn > Lỏng > Khí.
PHY8_060,Đối lưu là hình thức truyền nhiệt chủ yếu của?,A. Chất rắn và chất lỏng; B. Chất lỏng và chất khí; C. Chất khí và chân không; D. Chỉ chất lỏng,B,Chương 6,Bài 27: Truyền nhiệt,Các hình thức truyền nhiệt,Nhận biết,SGK-Tr118,"Chất lỏng và khí có thể tạo thành dòng di chuyển, mang theo nhiệt lượng.","Quan sát dòng nước đang sôi để hiểu về sự di chuyển của các ""dòng đối lưu""."
PHY8_061,"Tại sao về mùa đông, khi chạm tay vào thanh sắt ta thấy lạnh hơn chạm vào thanh gỗ?",A. Sắt có nhiệt độ thấp hơn; B. Sắt dẫn nhiệt tốt hơn nên lấy nhiệt từ tay nhanh hơn; C. Gỗ có nhiều nhiệt lượng hơn; D. Sắt là vật tự phát lạnh,B,Chương 6,Bài 27: Truyền nhiệt,Các hình thức truyền nhiệt,Vận dụng,SBT-Tr75,"Sắt dẫn nhiệt tốt, truyền nhiệt từ tay vào sắt nhanh hơn nên ta cảm thấy lạnh.",Hiểu rằng cảm giác nóng/lạnh phụ thuộc vào tốc độ truyền nhiệt từ tay ra ngoài.
PHY8_062,Năng lượng từ Mặt Trời truyền đến Trái Đất chủ yếu bằng hình thức nào?,A. Dẫn nhiệt; B. Đối lưu; C. Bức xạ nhiệt; D. Cả 3 hình thức,C,Chương 6,Bài 27: Truyền nhiệt,Các hình thức truyền nhiệt,Thông hiểu,SGK-Tr119,"Giữa Mặt Trời và Trái Đất là chân không, chỉ có bức xạ nhiệt mới đi qua được.",Nhớ rằng dẫn nhiệt và đối lưu cần môi trường vật chất (phân tử).
PHY8_063,Chất nào sau đây dẫn nhiệt tốt nhất?,A. Thủy tinh; B. Bạc (kim loại); C. Không khí; D. Nước,B,Chương 6,Bài 27: Truyền nhiệt,Các hình thức truyền nhiệt,Nhận biết,SBT-Tr74,"Kim loại (đặc biệt là Bạc, Đồng, Nhôm) là những chất dẫn nhiệt tốt nhất.",Nhìn vào các dụng cụ nấu ăn: chúng thường làm bằng kim loại để dẫn nhiệt nhanh.
PHY8_064,Tại sao muốn đun nóng chất lỏng và chất khí phải đun từ phía dưới?,A. Để tiết kiệm củi lửa; B. Để tạo ra dòng đối lưu; C. Để nhiệt truyền nhanh hơn theo đường thẳng; D. Để chất lỏng không bị bay hơi,B,Chương 6,Bài 27: Truyền nhiệt,Các hình thức truyền nhiệt,Thông hiểu,SGK-Tr118,"Lớp chất lỏng ở dưới nóng lên, nở ra, nhẹ đi và đi lên, tạo dòng đối lưu.","Nếu đun từ trên, lớp nước nóng ở trên sẽ đứng yên, nước ở dưới rất lâu sôi."
PHY8_065,Một vật có khả năng hấp thụ bức xạ nhiệt tốt khi bề mặt của nó có đặc điểm?,A. Nhẵn và sáng màu; B. Sần sùi và tối màu; C. Nhẵn và tối màu; D. Sần sùi và sáng màu,B,Chương 6,Bài 27: Truyền nhiệt,Các hình thức truyền nhiệt,Thông hiểu,SGK-Tr119,Màu tối và sần sùi giúp giữ lại nhiệt lượng từ ánh sáng tốt hơn màu sáng.,Tại sao mùa hè nên mặc áo trắng? Vì áo trắng phản xạ bức xạ nhiệt tốt hơn.
PHY8_066,Khi xoa hai bàn tay vào nhau ta thấy tay nóng lên. Trong trường hợp này nội năng của tay thay đổi do?,A. Truyền nhiệt; B. Thực hiện công; C. Bức xạ nhiệt; D. Tự nhiên nóng lên,B,Chương 6,Bài 26: Năng lượng nhiệt,Nhiệt năng & Nội năng,Thông hiểu,SBT-Tr72,"Có sự tác động lực và di chuyển (cọ xát), đó là thực hiện công.","Phân biệt: Không có nguồn nhiệt nào chạm vào tay, nhiệt sinh ra từ ma sát."
PHY8_067,Chân không có thể truyền nhiệt bằng hình thức nào?,A. Dẫn nhiệt; B. Đối lưu; C. Bức xạ nhiệt; D. Không thể truyền nhiệt,C,Chương 6,Bài 27: Truyền nhiệt,Các hình thức truyền nhiệt,Nhận biết,SGK-Tr120,"Bức xạ nhiệt truyền đi dưới dạng sóng điện từ, không cần phân tử môi trường.","Đọc mục ""Bức xạ nhiệt"" tại Bài 27 SGK trang 119."
PHY8_068,Tại sao quả bóng bàn bị bẹp nhúng vào nước nóng lại phồng lên như cũ?,A. Vỏ bóng gặp nóng nở ra; B. Không khí trong bóng gặp nóng nở ra gây áp suất đẩy vỏ bóng; C. Nước chui vào trong bóng; D. Nước nóng làm mềm vỏ bóng,B,Chương 6,Bài 26: Năng lượng nhiệt,Sự nở vì nhiệt,Vận dụng,SBT-Tr73,"Không khí bên trong nóng lên, nở ra và tạo áp lực đẩy vỏ bóng phồng lại.",Ôn lại sự nở vì nhiệt của chất khí tại Bài 26 SGK trang 114.
PHY8_069,Đơn vị của nội năng và nhiệt lượng là?,A. Độ C (∘C); B. Joule (J); C. Calo; D. Cả B và C,D,Chương 6,Bài 26: Năng lượng nhiệt,Nhiệt năng & Nội năng,Nhận biết,SGK-Tr113,"Joule (J) là đơn vị chuẩn quốc tế, Calo thường dùng trong thực phẩm/nhiệt lượng.","Ghi nhớ: 1cal≈4,186J."
PHY8_070,Tại sao các phích nước (bình thủy) lại có lớp vỏ thủy tinh tráng bạc và ở giữa là chân không?,"A. Để cho đẹp; B. Để ngăn chặn cả 3 hình thức truyền nhiệt, giữ nước nóng lâu; C. Để bình nhẹ hơn; D. Để bình bền hơn",B,Chương 6,Bài 27: Truyền nhiệt,Các hình thức truyền nhiệt,Vận dụng cao,SGK-Tr120,"Chân không ngăn dẫn nhiệt/đối lưu, lớp bạc ngăn bức xạ nhiệt.",
PHY8_071,Sự truyền nhiệt xảy ra giữa hai vật khi nào?,A. Khi chúng có nội năng khác nhau; B. Khi chúng có khối lượng khác nhau; C. Khi chúng có nhiệt độ khác nhau; D. Khi chúng có kích thước khác nhau,C,Chương 6,Bài 27: Truyền nhiệt,Các hình thức truyền nhiệt,Nhận biết,SGK-Tr115,Nhiệt luôn tự truyền từ vật có nhiệt độ cao sang vật có nhiệt độ thấp.,Tránh nhầm: Vật nhiều nhiệt lượng hơn chưa chắc đã có nhiệt độ cao hơn.
PHY8_072,Khi một vật tỏa nhiệt thì?,A. Nhiệt độ của vật tăng; B. Nội năng của vật giảm; C. Các phân tử cấu tạo vật chuyển động nhanh lên; D. Khối lượng vật giảm,B,Chương 6,Bài 26: Năng lượng nhiệt,Nhiệt năng & Nội năng,Thông hiểu,SBT-Tr72,"Tỏa nhiệt làm mất năng lượng nhiệt, dẫn đến nội năng của vật giảm xuống.","Liên hệ: Khi bạn rót nước nóng ra cốc, nước tỏa nhiệt và nguội đi (nội năng giảm)."
PHY8_073,"Các chất rắn, lỏng, khí đều có đặc điểm chung về nhiệt là?",A. Co lại khi nóng lên; B. Nở ra khi nóng lên; C. Khối lượng thay đổi khi nóng lên; D. Dẫn nhiệt tốt như nhau,B,Chương 6,Bài 26: Năng lượng nhiệt,Sự nở vì nhiệt,Nhận biết,SGK-Tr114,Đây là tính chất vật lý cơ bản: Hầu hết các chất đều nở ra khi nóng lên.,Ngoại lệ: Nước nở ra khi lạnh đi từ 4∘C xuống 0∘C (điểm cần lưu ý).
PHY8_074,Hiện tượng sấm sét trong tự nhiên liên quan đến kiến thức nào?,A. Sự truyền nhiệt; B. Sự nhiễm điện do cọ xát giữa các đám mây; C. Lực đẩy Archimedes; D. Áp suất khí quyển,B,Chương 4,Bài 20: Hiện tượng nhiễm điện,Hiện tượng nhiễm điện,Thông hiểu,Tự biên,Các hạt băng/nước trong mây cọ xát mạnh tạo ra lượng điện tích khổng lồ.,"Tìm hiểu về ""Tĩnh điện"" trong tự nhiên để hiểu cơ chế phóng điện của sấm sét."
PHY8_075,"Một chiếc thìa nhúng trong cốc nước nóng, cán thìa dần nóng lên. Đây là kết quả của?",A. Dẫn nhiệt; B. Đối lưu; C. Bức xạ nhiệt; D. Sự bay hơi,A,Chương 6,Bài 27: Truyền nhiệt,Các hình thức truyền nhiệt,Nhận biết,SGK-Tr116,Nhiệt truyền từ phân tử này sang phân tử khác dọc theo thân thìa.,
PHY8_076,Một quả cầu nhôm và một quả cầu sắt có cùng thể tích nhúng chìm trong nước. So sánh lực đẩy Archimedes?,A. FAl​>FFe​; B. FAl​<FFe​; C. FAl​=FFe​; D. Không so sánh được,C,Chương 3,Bài 18: Lực đẩy Archimedes,Lực đẩy Archimedes,Thông hiểu,SBT-Tr50,"Vì cả hai có cùng thể tích (V) và cùng nhúng trong nước (d), nên theo công thức FA​=d.V, lực đẩy là như nhau.",Đừng để khối lượng riêng của vật làm bạn rối. Lực đẩy Archimedes chỉ phụ thuộc vào dlỏng​ và Vvật​.
PHY8_077,"Tại sao khi lặn xuống hồ nước ngọt, ta thấy ""nhẹ"" hơn khi ở trên cạn?",A. Do nước không có trọng lực; B. Do lực đẩy Archimedes của nước hướng lên; C. Do nước ấm; D. Do áp suất khí quyển giảm,B,Chương 3,Bài 18: Lực đẩy Archimedes,Lực đẩy Archimedes,Thông hiểu,SGK-Tr78,"Lực đẩy Archimedes hướng lên trên đã triệt tiêu một phần trọng lượng hướng xuống, khiến ta cảm giác nhẹ hơn.",Hãy nhớ lực đẩy Archimedes luôn ngược chiều với trọng lực.
PHY8_078,"Nếu thả một quả cầu bằng sắt vào một chậu thủy ngân thì quả cầu sẽ? (dFe​=78000N/m3,dHg​=136000N/m3)",A. Chìm hoàn toàn; B. Nổi một phần; C. Lơ lửng; D. Chìm một nửa,B,Chương 3,Bài 18: Lực đẩy Archimedes,Lực đẩy Archimedes,Vận dụng,SBT-Tr51,Do trọng lượng riêng của sắt nhỏ hơn thủy ngân nên vật nổi trên mặt thoáng.,"So sánh dvật​ và dlỏng​. Nếu dvật​<dlỏng​, vật chắc chắn nổi."
PHY8_079,"Muốn kiểm tra một chiếc nhẫn có phải vàng nguyên chất không bằng phương pháp vật lý, ta nên đo đại lượng nào?",A. Khối lượng; B. Thể tích; C. Khối lượng riêng; D. Trọng lượng,C,Chương 3,Bài 13: Khối lượng riêng,Khối lượng riêng,Vận dụng,SGK-Tr62,Mỗi chất có một khối lượng riêng đặc trưng. Đối chiếu KLR đo được với bảng chuẩn sẽ biết độ nguyên chất.,Xem lại ứng dụng của khối lượng riêng trong việc nhận biết chất tại Bài 13.
PHY8_080,Tại sao các bồn chứa xăng dầu thường được sơn màu trắng bạc sáng loáng?,A. Để chống gỉ; B. Để hạn chế hấp thụ bức xạ nhiệt từ mặt trời; C. Để dễ lau chùi; D. Để nhận biết từ xa,B,Chương 6,Bài 27: Truyền nhiệt,Các hình thức truyền nhiệt,Vận dụng,SBT-Tr75,"Màu sáng và bóng phản xạ tốt bức xạ nhiệt từ Mặt Trời, giúp xăng dầu bên trong không bị quá nóng.",Ôn lại tính chất hấp thụ và phản xạ nhiệt của màu sắc tại Bài 27.
PHY8_081,"Một miếng đồng có khối lượng 445g, thể tích 50cm3. Khối lượng riêng của đồng là?","A. 8,9g/cm3; B. 8900kg/m3; C. 0,11g/cm3; D. Cả A và B đều đúng",D,Chương 3,Bài 13: Khối lượng riêng,Khối lượng riêng,Vận dụng,Tự biên,"D=445/50=8,9g/cm3. Đổi ra kg/m3 bằng cách nhân 1000 ta được 8900kg/m3.",Cẩn thận với đơn vị! 1g/cm3=1000kg/m3.
PHY8_082,Vì sao các tấm tôn lợp mái nhà thường có dạng lượn sóng?,A. Để đẹp; B. Để thoát nước nhanh; C. Để tấm tôn co giãn vì nhiệt dễ dàng mà không làm hỏng mái; D. Để tăng độ dày,C,Chương 6,Bài 26: Năng lượng nhiệt,Sự nở vì nhiệt,Vận dụng,SGK-Tr114,"Dạng sóng giúp tôn có không gian để giãn nở khi trời nóng mà không bị cong vênh, làm bật đinh vít.","Tìm hiểu các ví dụ về ""giãn nở vì nhiệt bị ngăn cản"" tại Bài 26."
PHY8_083,"Trong các cách sau, cách nào làm thay đổi nội năng bằng phương pháp truyền nhiệt?",A. Cọ xát đồng xu lên mặt bàn; B. Thả đồng xu vào cốc nước nóng; C. Dùng búa đập vào đồng xu; D. Uốn cong đồng xu,B,Chương 6,Bài 26: Năng lượng nhiệt,Nhiệt năng & Nội năng,Thông hiểu,SGK-Tr113,"Thả vào nước nóng là sự tiếp xúc giữa hai vật có nhiệt độ khác nhau (truyền nhiệt), các cách khác là thực hiện công.","Phân biệt: Có tác động lực (cọ xát, đập) là Thực hiện công; chỉ có sự chênh lệch nhiệt độ là Truyền nhiệt."
PHY8_084,Tại sao khi rót nước sôi vào cốc thủy tinh dày thì cốc dễ vỡ hơn cốc mỏng?,"A. Cốc dày nặng hơn; B. Lớp thủy tinh bên trong nở ra trước, bên ngoài chưa kịp nở gây lực căng; C. Thủy tinh dày chịu nhiệt kém; D. Nước sôi bốc hơi mạnh",B,Chương 6,Bài 26: Năng lượng nhiệt,Sự nở vì nhiệt,Vận dụng cao,SBT-Tr73,"Thủy tinh dẫn nhiệt kém, lớp trong nở ra nhưng nhiệt chưa kịp truyền ra ngoài để lớp ngoài nở theo, gây sức căng lớn.","Để tránh vỡ, nên dùng cốc mỏng hoặc tráng nước ấm vào cốc trước khi rót nước sôi."
PHY8_085,"Một xe tải có 6 bánh, mỗi bánh tiếp xúc đất 0,02m2. Tổng áp lực là 60000 N. Áp suất lên mặt đất là?",A. 500000 Pa; B. 3000000 Pa; C. 10000 Pa; D. 60000 Pa,A,Chương 3,Bài 15: Áp suất trên bề mặt,Áp lực & Áp suất,Vận dụng,Tự biên,"Tổng diện tích S=6×0,02=0,12m2. Áp suất p=60000/0,12=500000Pa.",Lỗi hay gặp: Chỉ chia cho diện tích của một bánh xe thay vì tổng tất cả các bánh.
PHY8_086,"Để chống sét cho các tòa nhà cao tầng, người ta lắp thiết bị nào?",A. Cầu chì; B. Cột thu lôi; C. Chuông điện; D. Nguồn điện,B,Chương 4,Bài 20: Hiện tượng nhiễm điện,Hiện tượng nhiễm điện,Thông hiểu,SGK-Tr88,Cột thu lôi tập trung điện tích và dẫn dòng điện xuống đất một cách an toàn.,"Đọc thêm về hiện tượng ""phóng điện trong không khí"" để hiểu về sấm sét."
PHY8_087,Tại sao dùng máy sấy tóc sấy vào quần áo ướt thì quần áo nhanh khô?,A. Do máy sấy hút nước; B. Do nhiệt độ cao làm phân tử nước chuyển động nhanh và thoát ra; C. Do gió mạnh; D. Cả B và C,D,Chương 6,Bài 26: Năng lượng nhiệt,Nhiệt năng & Nội năng,Vận dụng,Tự biên,"Nhiệt làm phân tử nước chuyển động nhanh (nội năng tăng), gió giúp hơi nước thoát đi nhanh hơn.","Sự bay hơi phụ thuộc vào 3 yếu tố: Nhiệt độ, gió và diện tích mặt thoáng."
PHY8_088,"Trong một mạch điện, nếu tháo bỏ một bóng đèn trong mạch nối tiếp thì đèn còn lại sẽ?",A. Sáng hơn; B. Sáng yếu đi; C. Không sáng; D. Vẫn sáng bình thường,C,Chương 4,Bài 21: Mạch điện,Dòng điện & Nguồn điện,Thông hiểu,SBT-Tr59,"Mạch nối tiếp cần sự liên tục. Tháo 1 đèn làm mạch bị hở, dòng điện không thể chạy qua.",Ghi nhớ đặc điểm mạch nối tiếp: Một thiết bị hỏng thì cả mạch ngừng hoạt động.
PHY8_089,Vì sao sáp nến chảy lỏng khi bị đốt nóng?,"A. Do nến bị hỏng; B. Do nhiệt độ tăng làm tăng nội năng, phá vỡ liên kết phân tử; C. Do nến nhẹ đi; D. Do áp suất khí quyển",B,Chương 6,Bài 26: Năng lượng nhiệt,Nhiệt năng & Nội năng,Thông hiểu,SGK-Tr113,"Nhiệt năng cung cấp làm các phân tử chuyển động mạnh hơn, phá vỡ cấu trúc rắn sang lỏng.",Đây là hiện tượng chuyển thể do thay đổi nội năng.
PHY8_090,Đồ vật nào sau đây hoạt động dựa trên tác dụng nhiệt của dòng điện?,A. Quạt điện; B. Bàn là điện; C. Chuông điện; D. Máy bơm nước,B,Chương 4,Bài 21: Dòng điện,Dòng điện & Nguồn điện,Nhận biết,SGK-Tr92,Bàn là điện biến đổi điện năng hoàn toàn thành nhiệt năng để làm nóng bề mặt.,"Phân biệt tác dụng Nhiệt, tác dụng Từ (chuông điện) và tác dụng Cơ (quạt điện)."
PHY8_091,Tại sao chim thường hay đứng xù lông vào mùa đông?,"A. Để nhìn to hơn; B. Để giữ lớp không khí giữa các lông, không khí dẫn nhiệt kém giúp giữ ấm; C. Để khoe lông đẹp; D. Để hứng nắng tốt hơn",B,Chương 6,Bài 27: Truyền nhiệt,Các hình thức truyền nhiệt,Vận dụng,SBT-Tr75,Lông xù giữ lại một lớp không khí dày. Không khí dẫn nhiệt rất kém nên nhiệt cơ thể không bị thoát ra ngoài.,Không khí là chất dẫn nhiệt kém nhất. Hãy tận dụng nó để giữ ấm (như mặc nhiều áo mỏng).
PHY8_092,"Khi một vật nhiễm điện dương tiếp xúc với vật nhiễm điện âm, chúng sẽ?",A. Đẩy nhau; B. Hút nhau; C. Trung hòa về điện; D. B hoặc C tùy mức độ nhiễm điện,D,Chương 4,Bài 20: Hiện tượng nhiễm điện,Hiện tượng nhiễm điện,Vận dụng cao,Tự biên,"Chúng hút nhau do khác loại, và sau đó có thể trung hòa điện tích tùy vào độ lớn của chúng.","Nhớ nguyên tắc tương tác điện: Khác loại thì hút, cùng loại thì đẩy."
PHY8_093,Dụng cụ dùng để đo cường độ dòng điện (kiến thức mở rộng lớp 8) là?,A. Vôn kế; B. Ampe kế; C. Nhiệt kế; D. Lực kế,B,Chương 4,Bài 21: Dòng điện,Dòng điện & Nguồn điện,Nhận biết,SGK-Tr93,"Ampe kế là dụng cụ chuyên dụng, ký hiệu là (A) trong sơ đồ mạch điện.",Tránh nhầm với Vôn kế (đo hiệu điện thế) hay Nhiệt kế (đo nhiệt độ).
PHY8_094,Một cốc chứa 200ml nước ở 25∘C. Đun nóng cốc nước lên 50∘C. Nội năng của nước?,A. Tăng thêm; B. Giảm đi; C. Không đổi; D. Bằng không,A,Chương 6,Bài 26: Năng lượng nhiệt,Nhiệt năng & Nội năng,Thông hiểu,Tự biên,"Nhiệt độ tăng dẫn đến động năng phân tử tăng, làm tổng nội năng tăng theo.",Nhớ quy luật: Nhiệt độ tăng thì nội năng tăng.
PHY8_095,Hiện tượng khúc xạ ánh sáng (khi nhìn ống hút trong cốc nước thấy bị gãy) có liên quan đến khối lượng riêng không?,"A. Có, vì chiết suất phụ thuộc mật độ chất; B. Không liên quan; C. Chỉ liên quan đến màu sắc; D. Có, vì nước nặng hơn không khí",A,Chương 3,Liên môn,Khối lượng riêng,Vận dụng cao,Tự biên,"Các chất có mật độ (KLR) khác nhau thường có chiết suất khác nhau, làm ánh sáng bị gãy khúc.",Đây là kiến thức liên môn giữa tính chất vật chất và quang học.
PHY8_096,Tại sao khi đun nước bằng ấm nhôm nhanh sôi hơn ấm đất?,A. Ấm nhôm nhẹ hơn; B. Nhôm dẫn nhiệt tốt hơn đất; C. Ấm nhôm mỏng hơn; D. Nhôm phản xạ nhiệt tốt,B,Chương 6,Bài 27: Truyền nhiệt,Các hình thức truyền nhiệt,Thông hiểu,SGK-Tr116,Nhôm là kim loại dẫn nhiệt tốt hơn đất (phi kim) rất nhiều.,Liên hệ khả năng dẫn nhiệt của các chất: Rắn (kim loại) dẫn nhiệt tốt nhất.
PHY8_097,Lực đẩy Archimedes tác dụng lên một vật phụ thuộc vào?,A. Trọng lượng vật; B. Chất liệu vật; C. Thể tích phần vật chìm và trọng lượng riêng chất lỏng; D. Hình dạng vật,C,Chương 3,Bài 18: Lực đẩy Archimedes,Lực đẩy Archimedes,Nhận biết,SGK-Tr79,"Theo công thức FA​=d.V, nó chỉ phụ thuộc chất lỏng và phần thể tích chìm.",Đừng để hình dạng hay khối lượng của vật đánh lừa bạn khi tính lực đẩy.
PHY8_098,"Khi thả một viên đá vào cốc nước đầy, nước tràn ra. Thể tích nước tràn ra bằng?",A. Khối lượng viên đá; B. Thể tích viên đá; C. Diện tích viên đá; D. Trọng lượng viên đá,B,Chương 3,Bài 14: Thực hành KLR,Khối lượng riêng,Thông hiểu,SGK-Tr59,Vật rắn chiếm chỗ của nước. Thể tích nước tràn ra chính bằng thể tích của vật đó.,Đây là phương pháp đo thể tích vật rắn không quy tắc dùng bình tràn.
PHY8_099,Một người kéo một vật nặng dưới nước thấy nhẹ hơn khi kéo trên cạn là do?,A. Trọng lực giảm; B. Lực đẩy Archimedes cùng chiều lực kéo; C. Nước làm vật mềm ra; D. Ma sát dưới nước bằng không,B,Chương 3,Bài 18: Lực đẩy Archimedes,Lực đẩy Archimedes,Thông hiểu,SBT-Tr49,"Lực đẩy Archimedes cùng hướng với lực kéo (hướng lên), giúp trợ lực cho người kéo.",
PHY8_101,Ampe kế là dụng cụ dùng để đo đại lượng nào?,A. Hiệu điện thế; B. Cường độ dòng điện; C. Điện trở; D. Công suất,B,Chương 5,Bài 22: Mạch điện đơn giản,Thực hành điện,Nhận biết,SGK-Tr98,Ampe kế chuyên dụng để đo dòng điện.,Ghi nhớ ký hiệu (A) trên mặt dụng cụ để nhận biết nhanh chức năng.
PHY8_102,Đơn vị của hiệu điện thế là?,A. Ampe (A); B. Ôm (Ω); C. Vôn (V); D. Watt (W),C,Chương 5,Bài 22: Mạch điện đơn giản,Dòng điện & Nguồn điện,Nhận biết,SGK-Tr100,Vôn (V) là đơn vị đo hiệu điện thế.,Đừng nhầm lẫn giữa cường độ dòng điện (A) và hiệu điện thế (V).
PHY8_103,"Trong mạch điện, vôn kế được mắc như thế nào với thiết bị cần đo?",A. Mắc nối tiếp; B. Mắc song song; C. Mắc bất kì; D. Không cần mắc,B,Chương 5,Bài 22: Mạch điện đơn giản,Thực hành điện,Thông hiểu,SBT-Tr62,"Vôn kế có điện trở rất lớn, phải mắc song song để đo sự chênh lệch điện thế.",Ghi nhớ: Ampe kế nối tiếp - Vôn kế song song.
PHY8_104,"Khi mắc nối tiếp hai bóng đèn giống nhau vào nguồn 6V, hiệu điện thế trên mỗi đèn là?",A. 6V; B. 3V; C. 12V; D. 0V,B,Chương 5,Bài 23: Tác dụng dòng điện,Mạch điện,Vận dụng,Tự biên,"Trong mạch nối tiếp, U=U1​+U2​, do đèn giống nhau nên U1​=U2​=3V.",Học thuộc tính chất mạch nối tiếp: Tổng các hiệu điện thế thành phần bằng hiệu điện thế toàn mạch.
PHY8_105,Tác dụng nhiệt của dòng điện được ứng dụng trong thiết bị nào?,A. Chuông điện; B. Máy bơm nước; C. Nồi cơm điện; D. Loa phát thanh,C,Chương 5,Bài 23: Tác dụng dòng điện,Các tác dụng của dòng điện,Nhận biết,SGK-Tr105,Nồi cơm điện biến đổi điện năng thành nhiệt năng.,"Tìm các thiết bị tỏa ra hơi nóng trong nhà (máy sấy, bàn là, bếp điện) để ghi nhớ tác dụng nhiệt."
PHY8_106,Cầu chì có tác dụng gì trong mạch điện?,A. Tăng hiệu điện thế; B. Đo dòng điện; C. Ngắt mạch khi dòng điện quá tải; D. Làm đẹp,C,Chương 5,Bài 25: An toàn điện,Thực hành điện,Nhận biết,SGK-Tr110,Cầu chì bảo vệ mạch khi xảy ra chập cháy hoặc quá tải.,"Quan sát cầu chì hoặc aptomat trong gia đình và đọc mục ""An toàn điện"" trang 110 SGK."
PHY8_107,"Số vôn ghi trên mỗi nguồn điện (ví dụ Pin 1,5V) có ý nghĩa gì?",A. Giá trị hiệu điện thế giữa hai cực; B. Cường độ dòng điện; C. Công suất nguồn; D. Thời gian sử dụng,A,Chương 5,Bài 22: Mạch điện,Dòng điện & Nguồn điện,Thông hiểu,SGK-Tr100,Đó là giá trị định mức của nguồn khi chưa mắc vào mạch.,"Phân biệt ""Số vôn của nguồn"" (khả năng cung cấp) và ""Số vôn thực tế"" (khi đang hoạt động)."
PHY8_108,"Để đo cường độ dòng điện qua đèn, ta mắc Ampe kế nối tiếp với đèn sao cho?",A. Chốt (+) về phía cực dương nguồn; B. Chốt (-) về phía cực dương; C. Mắc ngược lại; D. Sao cũng được,A,Chương 5,Bài 22: Mạch điện,Thực hành điện,Thông hiểu,SBT-Tr63,Dòng điện đi vào chốt (+) và đi ra chốt (-) của ampe kế.,"Luôn kiểm tra màu sắc chốt (Đỏ là +, Đen là -) trước khi mắc."
PHY8_109,Tác dụng hóa học của dòng điện được ứng dụng để?,A. Thắp sáng; B. Chế tạo nam châm điện; C. Mạ điện; D. Đun nước,C,Chương 5,Bài 23: Tác dụng dòng điện,Các tác dụng của dòng điện,Nhận biết,SGK-Tr106,"Mạ vàng, bạc dựa trên hiện tượng điện phân chất lỏng.",Xem video về quá trình mạ điện để thấy sự dịch chuyển của các ion kim loại.
PHY8_110,Tại sao khi sửa chữa điện ta nên đứng trên ghế gỗ khô hoặc thảm cao su?,"A. Để cao hơn; B. Để cách điện với đất, tránh dòng điện chạy qua người; C. Để êm chân; D. Ghế gỗ dẫn điện tốt",B,Chương 5,Bài 25: An toàn điện,Thực hành điện,Vận dụng,SGK-Tr111,"Gỗ khô và cao su là vật cách điện, ngăn dòng điện tạo thành mạch kín qua người.","Ghi nhớ danh sách vật cách điện: Cao su, gỗ khô, nhựa, thủy tinh."
PHY8_111,Cường độ dòng điện chạy qua các thiết bị mắc nối tiếp có đặc điểm?,A. Bằng nhau; B. Cộng lại; C. Tỉ lệ thuận với điện trở; D. Luôn bằng 0,A,Chương 5,Bài 22: Mạch điện,Mạch điện,Nhận biết,SGK-Tr99,Trong mạch nối tiếp: I=I1​=I2​.,"Hãy tưởng tượng dòng điện như dòng nước trong một ống duy nhất, vận tốc nước là như nhau tại mọi điểm."
PHY8_112,Nếu hiệu điện thế giữa hai đầu bóng đèn tăng lên thì cường độ dòng điện qua đèn sẽ?,A. Giảm đi; B. Tăng lên; C. Không đổi; D. Lúc tăng lúc giảm,B,Chương 5,Bài 22: Mạch điện,Mạch điện,Thông hiểu,Tự biên,I tỉ lệ thuận với U khi điện trở không đổi.,Hãy nhớ: Đẩy càng mạnh (U tăng) thì dòng chảy càng nhanh (I tăng).
PHY8_113,Cơ thể người có dẫn điện không?,A. Không dẫn điện; B. Dẫn điện rất tốt; C. Là vật cách điện; D. Chỉ dẫn điện khi khô ráo,B,Chương 5,Bài 25: An toàn điện,Thực hành điện,Nhận biết,SGK-Tr110,Cơ thể người chứa nhiều nước và muối khoáng nên dẫn điện.,Luôn giữ tay khô ráo khi tiếp xúc với phích cắm điện vì nước làm giảm điện trở cơ thể.
PHY8_114,Thiết bị nào hoạt động dựa trên tác dụng từ của dòng điện?,A. Bếp điện; B. Đèn LED; C. Chuông điện; D. Pin điện hóa,C,Chương 5,Bài 23: Tác dụng dòng điện,Các tác dụng của dòng điện,Thông hiểu,SBT-Tr65,Chuông điện sử dụng nam châm điện để tạo lực hút cơ học.,Thử làm một nam châm điện đơn giản bằng đinh sắt và dây đồng để hiểu tác dụng từ.
PHY8_115,"Khi dùng ampe kế đo dòng điện 0,2A, ta nên chọn thang đo nào để kết quả chính xác nhất?",A. Thang 10A; B. Thang 5A; C. Thang 500mA; D. Thang 100mA,C,Chương 5,Bài 22: Mạch điện,Thực hành điện,Vận dụng,Tự biên,Thang đo gần nhất và lớn hơn giá trị cần đo sẽ cho độ chia nhỏ nhất chính xác.,Luôn chọn thang đo có giá trị lớn hơn nhưng gần nhất với giá trị cần đo. Đừng chọn thang quá lớn (sai số cao).
PHY8_116,Tại sao không được tự ý chạm vào mạng điện dân dụng 220V?,"A. Vì hiệu điện thế cao gây dòng điện lớn qua người, nguy hiểm tính mạng; B. Vì tốn điện; C. Vì làm hỏng dây; D. Vì dây nóng",A,Chương 5,Bài 25: An toàn điện,Thực hành điện,Thông hiểu,SGK-Tr111,U=220V vượt xa ngưỡng an toàn (40V) của con người.,Ngưỡng điện áp an toàn cho người thường dưới 40V. Luôn tắt nguồn/cầu dao trước khi kiểm tra điện.
PHY8_117,"Trong sơ đồ mạch điện, ký hiệu một vòng tròn có chữ X bên trong là?",A. Điện trở; B. Nguồn điện; C. Bóng đèn; D. Công tắc,C,Chương 5,Bài 22: Mạch điện,Mạch điện,Nhận biết,SGK-Tr98,Đây là ký hiệu quốc tế của bóng đèn sợi đốt.,Học thuộc bảng ký hiệu tại Bài 22 SGK trang 98. Đừng nhầm với ký hiệu Điện trở (hình chữ nhật).
PHY8_118,Cho mạch điện gồm 2 đèn mắc song song vào nguồn 9V. Hiệu điện thế U1​ và U2​ là?,"A. U1​=U2​=9V; B. U1​+U2​=9V; C. U1​=4,5V; D. U1​=9V,U2​=0V",A,Chương 5,Bài 22: Mạch điện,Mạch điện,Vận dụng,Tự biên,Đặc điểm của mạch điện song song là hiệu điện thế trên các nhánh bằng nhau và bằng hiệu điện thế nguồn ($U = U_1 = U_2$),"Nhớ quy tắc: Song song thì U bằng nhau, Nối tiếp thì I bằng nhau. |"
PHY8_119,"Khi dòng điện đi qua dung dịch muối đồng, cực âm của nguồn điện sẽ có một lớp đồng bám vào. Đây là tác dụng?",A. Tác dụng nhiệt; B. Tác dụng hóa học; C. Tác dụng sinh lí; D. Tác dụng từ,B,Chương 5,Bài 23: Tác dụng dòng điện,Các tác dụng của dòng điện,Thông hiểu,SGK-Tr106,"Đây là hiện tượng điện phân, biểu hiện rõ nhất của tác dụng hóa học.","Đọc lại ứng dụng ""Mạ điện"" tại Bài 23. Đây là cách người ta làm trang sức mạ vàng, bạc."
PHY8_120,Một bóng đèn ghi 220V - 100W. Nếu mắc đèn vào hiệu điện thế 110V thì đèn sẽ?,A. Cháy ngay lập tức; B. Sáng bình thường; C. Sáng yếu hơn bình thường; D. Sáng mạnh hơn,C,Chương 5,Bài 23: Tác dụng dòng điện,Mạch điện,Vận dụng cao,Tự biên,"U thực tế thấp hơn U định mức nên công suất tỏa nhiệt giảm, đèn sáng yếu.","Cần luôn kiểm tra ""Giá trị định mức"" trước khi đưa ra kết luận về trạng thái hoạt động của thiết bị."